vci_mean,vci_min,vci_max
85.38087202889287,0.2244196647730543,100
